"Company","City","location","latitude","longitude"
"ING","Amsterdam","Amsterdam",52.3730796,4.8924534
"Optimizely","Amsterdam","Amsterdam",52.3730796,4.8924534
"Drukwerkdeal.nl","Deventer","Deventer",52.2694897,6.23648855066233
"Vesper","Amsterdam","Amsterdam",52.3730796,4.8924534
"ING Group","Amsterdam","Amsterdam",52.3730796,4.8924534
"Icon plc","Groningen","Groningen",53.2190652,6.5680077
"RESONIKS","Den Haag","Den Haag",52.0799838,4.3113461
"Drukwerkdeal.nl","Deventer","Deventer",52.2694897,6.23648855066233
"Albert Heijn","Zaandam","Zaandam",52.4424926,4.8298607
"Algemene Rekenkamer","Den Haag","Den Haag",52.0799838,4.3113461
"Militaire Inlichtingen- en Veiligheidsdienst (MIVD)","Eibergen","Eibergen",52.1032685,6.6511683
"DataTalent","Amsterdam Centrum","Amsterdam Centrum",52.3353826,4.9377128
"Gemeente Leeuwarden","Leeuwarden","Leeuwarden",53.2005936,5.7918548
"Ministerie van Defensie","Eibergen","Eibergen",52.1032685,6.6511683
"Ring of Security B.V.","Amsterdam","Amsterdam",52.3730796,4.8924534
"Kraft Heinz Company","Amsterdam Centrum","Amsterdam Centrum",52.3353826,4.9377128
"Picnic","Amsterdam","Amsterdam",52.3730796,4.8924534
"Adyen","Amsterdam","Amsterdam",52.3730796,4.8924534
"Bunnik Plants","Bleiswijk","Bleiswijk",52.0109579,4.5310837
"Raad van State","Den Haag","Den Haag",52.0799838,4.3113461
"Rabobank","Utrecht","Utrecht",52.0907006,5.1215634
"ABN AMRO","Amsterdam","Amsterdam",52.3730796,4.8924534
"Just Eat Takeaway.com","Amsterdam","Amsterdam",52.3730796,4.8924534
"Just Eat Takeaway.com","Amsterdam","Amsterdam",52.3730796,4.8924534
"Walker & Dunlop","Thuiswerk","Thuiswerk",NA,NA
"Not selling liquid","Amsterdam","Amsterdam",52.3730796,4.8924534
"Schneider Electric","Amsterdam","Amsterdam",52.3730796,4.8924534
"Walker & Dunlop","Thuiswerk","Thuiswerk",NA,NA
"Essent","Den Bosch","Den Bosch",51.6889387,5.303116
"Amsterdam UMC","Amsterdam Zuid","Amsterdam Zuid",52.3390172,4.8734324
"NIBC","Den Haag","Den Haag",52.0799838,4.3113461
"Givaudan","Naarden","Naarden",52.2957628,5.1633636
"Erasmus Universiteit Rotterdam","Rotterdam","Rotterdam",51.9244424,4.47775
"Amsterdam UMC","Amsterdam Zuid","Amsterdam Zuid",52.3390172,4.8734324
"Crocs, Inc. Global Jobs","Hoofddorp","Hoofddorp",52.305554,4.6926644
"IKEA","Amsterdam","Amsterdam",52.3730796,4.8924534
"Levy Professionals","Utrecht","Utrecht",52.0907006,5.1215634
"TUI Group","Rijswijk","Rijswijk",52.0446265,4.3188215
"Markel Corporation","Rotterdam","Rotterdam",51.9244424,4.47775
"Kamer van Koophandel","Utrecht","Utrecht",52.0907006,5.1215634
"Satelliet Meubelen","Breda","Breda",51.5887845,4.7760237
"House of Bèta","Den Haag","Den Haag",52.0799838,4.3113461
"Universiteit Leiden","Leiden","Leiden",52.1594747,4.4908843
"LX Pantos Netherlands B.V.","Tilburg","Tilburg",51.58561845,5.06606161313677
"House of Bèta","Rotterdam","Rotterdam",51.9244424,4.47775
"DPG Media","Amsterdam","Amsterdam",52.3730796,4.8924534
"Ministerie van Defensie","Huis ter Heide","Huis ter Heide",53.0197445,6.4655281341801
"AKD","Rotterdam","Rotterdam",51.9244424,4.47775
"Royal IHC","Sliedrecht","Sliedrecht",51.8308564,4.76984303118367
"House of Bèta","Amsterdam Centrum","Amsterdam Centrum",52.3353826,4.9377128
"Broekhuis","Putten","Putten",52.24773005,5.57827393798401
"Stater","Amersfoort","Amersfoort",52.16377025,5.40888453756801
"ABN AMRO","Amsterdam","Amsterdam",52.3730796,4.8924534
"House of Bèta","Den Haag","Den Haag",52.0799838,4.3113461
"A-INSIGHTS","Amsterdam","Amsterdam",52.3730796,4.8924534
"EY","Amsterdam Zuid","Amsterdam Zuid",52.3390172,4.8734324
"TreviPay","Rijswijk","Rijswijk",52.0446265,4.3188215
"Inpact Solutions","Hoofddorp","Hoofddorp",52.305554,4.6926644
"House of Bèta","Rotterdam","Rotterdam",51.9244424,4.47775
"Planbureau voor de Leefomgeving/Ministerie van Infrastructuur en Waterstaat","Den Haag","Den Haag",52.0799838,4.3113461
"ING Group","Amsterdam","Amsterdam",52.3730796,4.8924534
"NS","Utrecht","Utrecht",52.0907006,5.1215634
"Booking.com","Amsterdam Centrum","Amsterdam Centrum",52.3353826,4.9377128
"ING Group","Amsterdam","Amsterdam",52.3730796,4.8924534
"RiverBank S.A. Dutch Branch","Schiphol","Schiphol",52.3080392,4.7621975
"ING Group","Amsterdam","Amsterdam",52.3730796,4.8924534
"ING Group","Amsterdam","Amsterdam",52.3730796,4.8924534
"ING Group","Amsterdam","Amsterdam",52.3730796,4.8924534
"Energie Data Services Nederland","Amersfoort","Amersfoort",52.16377025,5.40888453756801
"Rijksinstituut voor Volksgezondheid en Milieu (RIVM)","Bilthoven","Bilthoven",52.1289693,5.2046134
"Dienst Uitvoering Onderwijs (DUO)","Den Haag","Den Haag",52.0799838,4.3113461
"Belastingdienst","Apeldoorn","Apeldoorn",52.17957375,5.93007746080725
"The Headhunter Group B.V.","Amsterdam","Amsterdam",52.3730796,4.8924534
"ING Group","Amsterdam","Amsterdam",52.3730796,4.8924534
"Booking.com","Amsterdam Centrum","Amsterdam Centrum",52.3353826,4.9377128
"Goldman Sachs","Den Haag","Den Haag",52.0799838,4.3113461
"Varrlyn","Amsterdam-Zuidoost","Amsterdam-Zuidoost",52.2835706,4.9524489
"Luxoft","Amsterdam","Amsterdam",52.3730796,4.8924534
"HCME","Amsterdam Westpoort","Amsterdam Westpoort",52.3933601,4.794733
"Rabobank","Utrecht","Utrecht",52.0907006,5.1215634
"ING Group","Amsterdam","Amsterdam",52.3730796,4.8924534
"ING Group","Amsterdam","Amsterdam",52.3730796,4.8924534
"ING Group","Amsterdam","Amsterdam",52.3730796,4.8924534
"VeiligheidNL","Amsterdam Nieuw-West","Amsterdam Nieuw-West",52.3584251,4.8061869
"ING Group","Amsterdam","Amsterdam",52.3730796,4.8924534
"Royal Den Hartogh Logistics","Rotterdam","Rotterdam",51.9244424,4.47775
"ING Group","Amsterdam","Amsterdam",52.3730796,4.8924534
"ING Group","Amsterdam","Amsterdam",52.3730796,4.8924534
"Gemeente Utrecht","Utrecht","Utrecht",52.0907006,5.1215634
"Formorrow","Amersfoort","Amersfoort",52.16377025,5.40888453756801
"Online Dialogue","Utrecht","Utrecht",52.0907006,5.1215634
"Formorrow","Rotterdam","Rotterdam",51.9244424,4.47775
"Ampère","Utrecht","Utrecht",52.0907006,5.1215634
"Chane","Rotterdam","Rotterdam",51.9244424,4.47775
"Venture IQ","Amsterdam","Amsterdam",52.3730796,4.8924534
"code d'azur","Amsterdam","Amsterdam",52.3730796,4.8924534
"Johnson & Johnson","Leiden","Leiden",52.1594747,4.4908843
"bunq","Amsterdam","Amsterdam",52.3730796,4.8924534
"PGGM","Zeist","Zeist",52.0892832,5.2276307
"Lekkerland Nederland B.V.","Son","Son",29.3333331,-110.6666671
"Finalyse","Amsterdam","Amsterdam",52.3730796,4.8924534
"ABN AMRO","Amstelveen","Amstelveen",52.2862177,4.85264925974603
"De Volksbank","Utrecht","Utrecht",52.0907006,5.1215634
"Duke Energy","Drenthe","Drenthe",52.9067922,6.6368423
"Finalyse","Amsterdam","Amsterdam",52.3730796,4.8924534
"REMOBIS Refund Service C.V","Utrecht","Utrecht",52.0907006,5.1215634
"FOTONIQ","Delft","Delft",52.0114017,4.35839
"Eneco","Rotterdam","Rotterdam",51.9244424,4.47775
"Evalan","Amsterdam Centrum","Amsterdam Centrum",52.3353826,4.9377128
"LOGEX Group B.V.","Amsterdam","Amsterdam",52.3730796,4.8924534
"Odido","Den Haag","Den Haag",52.0799838,4.3113461
"Booking.com","Amsterdam Centrum","Amsterdam Centrum",52.3353826,4.9377128
"Quion Groep B.V.","Capelle aan den IJssel","Capelle aan den IJssel",51.9312552,4.5883596
"Rabobank","Utrecht","Utrecht",52.0907006,5.1215634
"B&S","Farmsum","Farmsum",53.3226566,6.9286233
"Belastingdienst","Utrecht","Utrecht",52.0907006,5.1215634
"Interfood","Nederland","Nederland",52.2434979,5.6343227
"Albert Heijn","Zaandam","Zaandam",52.4424926,4.8298607
"Stedin","Rotterdam","Rotterdam",51.9244424,4.47775
"IKEA","Amsterdam","Amsterdam",52.3730796,4.8924534
"Laborie Medical Technologies Corp","Amsterdam Zuid","Amsterdam Zuid",52.3390172,4.8734324
"Mindray","Hoevelaken","Hoevelaken",52.1757138,5.4577033
"FIT","Dordrecht","Dordrecht",51.814429,4.6692438
"Société Générale","Amsterdam","Amsterdam",52.3730796,4.8924534
"DHL","Maastricht","Maastricht",50.8512438,5.6909768
"Cosun","Alphen aan den Rijn","Alphen aan den Rijn",52.1131403,4.64084119994507
"Rabobank","Utrecht","Utrecht",52.0907006,5.1215634
"Ring of Security B.V. - H42","Amsterdam","Amsterdam",52.3730796,4.8924534
"AMPSTEK","Thuiswerk","Thuiswerk",NA,NA
"ILIAS Solutions","Almere","Almere",52.3705038,5.2185859
"EIFFEL","Den Haag","Den Haag",52.0799838,4.3113461
"House of Bèta","Den Bosch","Den Bosch",51.6889387,5.303116
"Action","Zwaagdijk-Oost","Zwaagdijk-Oost",52.7047349,5.1336218
"Rabobank","Utrecht","Utrecht",52.0907006,5.1215634
"a.s.r.","Utrecht","Utrecht",52.0907006,5.1215634
"Coolgradient","Amsterdam Nieuw-West","Amsterdam Nieuw-West",52.3584251,4.8061869
"Gaming Laboratories International","Haarlem","Haarlem",52.3885317,4.6388048
"Rituals","Amsterdam","Amsterdam",52.3730796,4.8924534
"Equinix","Amsterdam Oost","Amsterdam Oost",52.3518137,4.9305528
"Stedin","Rotterdam","Rotterdam",51.9244424,4.47775
"Boston Scientific Corporation","Kerkrade","Kerkrade",50.8749089,6.05938528490746
"House of Bèta","Amsterdam","Amsterdam",52.3730796,4.8924534
"Beequip","Rotterdam","Rotterdam",51.9244424,4.47775
"Amadeus","Utrecht","Utrecht",52.0907006,5.1215634
"Fujifilm Manufacturing Europe B.V.","Tilburg","Tilburg",51.58561845,5.06606161313677
"Hogeschool Utrecht","Utrecht","Utrecht",52.0907006,5.1215634
"ON THAT ASS","Rosmalen","Rosmalen",51.71866,5.3629244
"Lunet","Eindhoven","Eindhoven",51.4392648,5.478633
"Corbion","Gorinchem","Gorinchem",51.8296133,4.9738743
"Gemeente Zwolle","Zwolle","Zwolle",52.5089759,6.0943765
"FLYR Labs","Amsterdam","Amsterdam",52.3730796,4.8924534
"VvAA","Utrecht","Utrecht",52.0907006,5.1215634
"MVGM","Rijswijk","Rijswijk",52.0446265,4.3188215
"Hollister Incorporated","Amersfoort","Amersfoort",52.16377025,5.40888453756801
"Converse","Hilversum","Hilversum",52.2241375,5.1719396
"Albert Heijn","Zaandam","Zaandam",52.4424926,4.8298607
"EVBox","Amsterdam","Amsterdam",52.3730796,4.8924534
"Erasmus MC","Rotterdam","Rotterdam",51.9244424,4.47775
"Irdeto","Hoofddorp","Hoofddorp",52.305554,4.6926644
"ZDHC Foundation","Amsterdam","Amsterdam",52.3730796,4.8924534
"Rijksvastgoedbedrijf (Ministerie van BZK)","Den Haag","Den Haag",52.0799838,4.3113461
"Holland Talent Group","Rijnsburg","Rijnsburg",52.1893268,4.438952
"Johnson Controls International","Echt","Echt",51.1073016,5.8719765
"Atradius","Amsterdam","Amsterdam",52.3730796,4.8924534
"Politie","Driebergen","Driebergen",-33.7034318,18.9843867
"Coöperatie VGZ","Arnhem","Arnhem",51.984257,5.9108573
"Wageningen University & Research","Wageningen","Wageningen",51.9750995,5.6636754
"Coolgradient","Amsterdam Nieuw-West","Amsterdam Nieuw-West",52.3584251,4.8061869
"Coöperatie VGZ","Eindhoven","Eindhoven",51.4392648,5.478633
"Bullhorn","Thuiswerk","Thuiswerk",NA,NA
"Achmea","Tilburg","Tilburg",51.58561845,5.06606161313677
"Politie","Rotterdam","Rotterdam",51.9244424,4.47775
"SSC-ICT (Ministerie van BZK)","Den Haag","Den Haag",52.0799838,4.3113461
"Belastingdienst","Apeldoorn","Apeldoorn",52.17957375,5.93007746080725
"TKH Security","Zoetermeer","Zoetermeer",52.0622531,4.4901218
"WerkTalent","Breda","Breda",51.5887845,4.7760237
"Radboudumc","Nijmegen","Nijmegen",51.8474946,5.8637771
"Ministerie van Justitie en Veiligheid, Justitiële ICT Organisatie (JIO)","Gouda","Gouda",52.0114922,4.7106094
"Gemeente Amsterdam","Amsterdam","Amsterdam",52.3730796,4.8924534
"Medtronic","Heerlen","Heerlen",50.8775239,5.98150658545488
"Rabobank","Utrecht","Utrecht",52.0907006,5.1215634
"Mimecast","Hilversum","Hilversum",52.2241375,5.1719396
"Emerson","Rijswijk","Rijswijk",52.0446265,4.3188215
"Royal FloraHolland","Naaldwijk","Naaldwijk",51.9930016,4.2074197
"Vermaat","IJsselstein","IJsselstein",52.02620525,5.02868592322906
"Kramp GmbH","Varsseveld","Varsseveld",51.9438019,6.4636436
"DXC Technology","Nederland","Nederland",52.2434979,5.6343227
"Fluke","Eindhoven","Eindhoven",51.4392648,5.478633
"Politie","Den Haag","Den Haag",52.0799838,4.3113461
"Essity","Zeist","Zeist",52.0892832,5.2276307
"Thermo Fisher Scientific","Bleiswijk","Bleiswijk",52.0109579,4.5310837
"Personato","Tegelen","Tegelen",51.3429314,6.1362198
"Clean Globe Staffing B.V.","Amsterdam Centrum","Amsterdam Centrum",52.3353826,4.9377128
"APG","Amsterdam","Amsterdam",52.3730796,4.8924534
"LyondellBasell Industries","Rotterdam","Rotterdam",51.9244424,4.47775
"Orbisk","Utrecht","Utrecht",52.0907006,5.1215634
"Magnit","Thuiswerk","Thuiswerk",NA,NA
"ABN AMRO","Amersfoort","Amersfoort",52.16377025,5.40888453756801
"ABN AMRO","Amsterdam","Amsterdam",52.3730796,4.8924534
"ABN AMRO","Amersfoort","Amersfoort",52.16377025,5.40888453756801
"JLL","Amsterdam","Amsterdam",52.3730796,4.8924534
"Gemeente Amsterdam","Amsterdam","Amsterdam",52.3730796,4.8924534
"Gemeente Amsterdam","Amsterdam","Amsterdam",52.3730796,4.8924534
"Stater","Amersfoort","Amersfoort",52.16377025,5.40888453756801
"Radboudumc","Nijmegen","Nijmegen",51.8474946,5.8637771
"Cass Information Systems","Breda","Breda",51.5887845,4.7760237
"UNIS group","Grou","Grou",53.0936536,5.8322342
"Metyis AG","Amsterdam","Amsterdam",52.3730796,4.8924534
"VvAA Groep B.V.","Utrecht","Utrecht",52.0907006,5.1215634
"ViCentra","Utrecht","Utrecht",52.0907006,5.1215634
"Roodenburg","Krimpen aan den IJssel","Krimpen aan den IJssel",51.914403,4.5887889
"Finventory","Oud Gastel","Oud Gastel",51.5876474,4.4599702
"Buurts","Haarlem","Haarlem",52.3885317,4.6388048
"DataTalent B.V.","Leeuwarden","Leeuwarden",53.2005936,5.7918548
"CINQ ICT B.V.","Amsterdam-Zuidoost","Amsterdam-Zuidoost",52.2835706,4.9524489
"AFS Group B.V.","Amsterdam Centrum","Amsterdam Centrum",52.3353826,4.9377128
"Avery Dennison","Oegstgeest","Oegstgeest",52.1833669,4.4721294029763
"DA VINCI DERIVATIVES","Amsterdam","Amsterdam",52.3730796,4.8924534
"Microsoft","Middenmeer","Middenmeer",52.8111468,4.9948462
"Hans Anders Nederland","Gorinchem","Gorinchem",51.8296133,4.9738743
"IDEXX","Hoofddorp","Hoofddorp",52.305554,4.6926644
"Welbions","Hengelo OV","Hengelo OV",52.2658726,6.7924049
"Wikimedia Foundation","Amsterdam","Amsterdam",52.3730796,4.8924534
"ABN AMRO","Amsterdam","Amsterdam",52.3730796,4.8924534
"Rabobank","Utrecht","Utrecht",52.0907006,5.1215634
"Rijksdienst Caribisch Nederland","Bonaire","Bonaire",12.167,-68.2876438560294
"InControl","Woerden","Woerden",52.08701595,4.8766871986735
"Flow Traders","Amsterdam","Amsterdam",52.3730796,4.8924534
"Bacardi-Martini","Rotterdam","Rotterdam",51.9244424,4.47775
"Action","Zwaagdijk-Oost","Zwaagdijk-Oost",52.7047349,5.1336218
"Professionele Diensten","Haaglanden","Haaglanden",52.0567472,4.36473225425532
"Mathrix","Amsterdam","Amsterdam",52.3730796,4.8924534
"KPN","Rotterdam","Rotterdam",51.9244424,4.47775
"Rabobank","Utrecht","Utrecht",52.0907006,5.1215634
"Bynder","Amsterdam","Amsterdam",52.3730796,4.8924534
"Parnassia","Den Haag","Den Haag",52.0799838,4.3113461
"a.s.r.","Utrecht","Utrecht",52.0907006,5.1215634
"Organisatie en Personeel Rijk (Ministerie van Binnenlandse Zaken en Koninkrijksrelaties)","Den Haag","Den Haag",52.0799838,4.3113461
"Picnic","Amsterdam","Amsterdam",52.3730796,4.8924534
"ABN AMRO","Amsterdam","Amsterdam",52.3730796,4.8924534
"ITsPeople","Zaltbommel","Zaltbommel",51.782164,5.18982673715897
"Aegon Asset Management","Den Haag","Den Haag",52.0799838,4.3113461
"Maersk","Den Haag","Den Haag",52.0799838,4.3113461
"Nederlandse Voedsel- en Warenautoriteit (NVWA)","Utrecht","Utrecht",52.0907006,5.1215634
"ITsPeople","Zaltbommel","Zaltbommel",51.782164,5.18982673715897
"Basalt","Leiden","Leiden",52.1594747,4.4908843
"Crocs, Inc. Global Jobs","Hoofddorp","Hoofddorp",52.305554,4.6926644
"Kraft Heinz Company","Amsterdam Centrum","Amsterdam Centrum",52.3353826,4.9377128
"Dr. Oetker","Amersfoort","Amersfoort",52.16377025,5.40888453756801
"Medtronic","Heerlen","Heerlen",50.8775239,5.98150658545488
"Rabobank","Utrecht","Utrecht",52.0907006,5.1215634
"Stryker","Amsterdam Centrum","Amsterdam Centrum",52.3353826,4.9377128
"Web-IQ","Groningen","Groningen",53.2190652,6.5680077
"Nationale-Nederlanden","Den Haag","Den Haag",52.0799838,4.3113461
"Greenchoice","Rotterdam","Rotterdam",51.9244424,4.47775
"Nieuwestroom","Maastricht","Maastricht",50.8512438,5.6909768
"Medtronic","Heerlen","Heerlen",50.8775239,5.98150658545488
"Metyis AG","Amsterdam","Amsterdam",52.3730796,4.8924534
"Flexcity","Amsterdam","Amsterdam",52.3730796,4.8924534
"Summa College","Nederland","Nederland",52.2434979,5.6343227
"Bright Professionals","Leeuwarden","Leeuwarden",53.2005936,5.7918548
"Abbott Laboratories","Zwolle","Zwolle",52.5089759,6.0943765
"Kraton Corporation","Almere","Almere",52.3705038,5.2185859
"StrateX","Capelle aan den IJssel","Capelle aan den IJssel",51.9312552,4.5883596
"KleurrijkWonen","Tiel","Tiel",51.8874333,5.4372681
"Solidmoves Werving en Selectie","Dronten","Dronten",52.5236608,5.7160381
"HDI Global","Rotterdam","Rotterdam",51.9244424,4.47775
"Medtronic","Heerlen","Heerlen",50.8775239,5.98150658545488
"Vopak","Rotterdam","Rotterdam",51.9244424,4.47775
"Europol","Den Haag","Den Haag",52.0799838,4.3113461
"ANWB","Den Haag","Den Haag",52.0799838,4.3113461
"TMC","Eindhoven","Eindhoven",51.4392648,5.478633
"de Bijenkorf","Amsterdam","Amsterdam",52.3730796,4.8924534
"Action","Lelystad","Lelystad",52.5150949,5.4768915
"Politie","Rotterdam","Rotterdam",51.9244424,4.47775
"Infor","Barneveld","Barneveld",52.17150665,5.64543924995403
"Maersk","Den Haag","Den Haag",52.0799838,4.3113461
"Savills","Amsterdam","Amsterdam",52.3730796,4.8924534
"Smith & Nephew","Nederland","Nederland",52.2434979,5.6343227
"NS","Utrecht","Utrecht",52.0907006,5.1215634
"Rabobank","Utrecht","Utrecht",52.0907006,5.1215634
"Cognizant","Amsterdam","Amsterdam",52.3730796,4.8924534
"Thermo Fisher Scientific","Eindhoven","Eindhoven",51.4392648,5.478633
"Stater","Amersfoort","Amersfoort",52.16377025,5.40888453756801
"Rabobank","Utrecht","Utrecht",52.0907006,5.1215634
"Perfetti Van Melle","Schiphol","Schiphol",52.3080392,4.7621975
"Rabobank","Utrecht","Utrecht",52.0907006,5.1215634
"Rabobank","Utrecht","Utrecht",52.0907006,5.1215634
"Infor","Barneveld","Barneveld",52.17150665,5.64543924995403
"World Benchmarking Alliance","Thuiswerk","Thuiswerk",NA,NA
"Salesforce","Amsterdam","Amsterdam",52.3730796,4.8924534
"Saint Gobain","Breda","Breda",51.5887845,4.7760237
"We Are Eves","Amsterdam","Amsterdam",52.3730796,4.8924534
"Mindshare","Amsterdam","Amsterdam",52.3730796,4.8924534
"SkillLab","Amsterdam","Amsterdam",52.3730796,4.8924534
"Care4Agro B.V.","Wageningen","Wageningen",51.9750995,5.6636754
"Travix","Amsterdam","Amsterdam",52.3730796,4.8924534
"Backbase","Amsterdam","Amsterdam",52.3730796,4.8924534
"Phaitality","Oosterwolde","Oosterwolde",52.9892251,6.2908202
"Elysee Dental Solutions BV","Alphen aan den Rijn","Alphen aan den Rijn",52.1131403,4.64084119994507
"Landal","Den Haag","Den Haag",52.0799838,4.3113461
"Delta-N","Den Haag","Den Haag",52.0799838,4.3113461
"MediReva","Eindhoven","Eindhoven",51.4392648,5.478633
"WEB EINDHOVEN","Eindhoven","Eindhoven",51.4392648,5.478633
"KVK","Utrecht","Utrecht",52.0907006,5.1215634
"Rotterdam Engineering","Rotterdam","Rotterdam",51.9244424,4.47775
"Floral Trade Group","Rijnsburg","Rijnsburg",52.1893268,4.438952
"KleurrijkWonen","Tiel","Tiel",51.8874333,5.4372681
"Ziezodan","Hengelo OV","Hengelo OV",52.2658726,6.7924049
"Mploy Associates","Utrecht","Utrecht",52.0907006,5.1215634
"Massarius","Amsterdam","Amsterdam",52.3730796,4.8924534
"Rabobank","Utrecht","Utrecht",52.0907006,5.1215634
"CBR","Zuid-Holland","Zuid-Holland",51.9966792,4.5597397
"HumanTotalCare","Utrecht","Utrecht",52.0907006,5.1215634
"Massarius","Amsterdam","Amsterdam",52.3730796,4.8924534
"Accell Group","Amsterdam","Amsterdam",52.3730796,4.8924534
"Adyen","Amsterdam","Amsterdam",52.3730796,4.8924534
"Mploy Associates","Utrecht","Utrecht",52.0907006,5.1215634
"Rabobank","Utrecht","Utrecht",52.0907006,5.1215634
"Instapro Group","Amsterdam","Amsterdam",52.3730796,4.8924534
"MediReva","Eindhoven","Eindhoven",51.4392648,5.478633
"Belsimpel","Groningen","Groningen",53.2190652,6.5680077
"St. Antonius Ziekenhuis","Utrecht","Utrecht",52.0907006,5.1215634
"FrieslandCampina","Amersfoort","Amersfoort",52.16377025,5.40888453756801
"NIBC","Den Haag","Den Haag",52.0799838,4.3113461
"Rabobank","Utrecht","Utrecht",52.0907006,5.1215634
"Mploy Associates","Utrecht","Utrecht",52.0907006,5.1215634
"Mploy Associates","Utrecht","Utrecht",52.0907006,5.1215634
"ABN AMRO","Amersfoort","Amersfoort",52.16377025,5.40888453756801
"TenneT","Arnhem","Arnhem",51.984257,5.9108573
"Uber","Amsterdam","Amsterdam",52.3730796,4.8924534
"TIP Group","Amsterdam","Amsterdam",52.3730796,4.8924534
"Bitvavo","Amsterdam","Amsterdam",52.3730796,4.8924534
"Devoteam","Amsterdam","Amsterdam",52.3730796,4.8924534
"SPS COMMERCE","Breukelen","Breukelen",52.171959,5.002675
"Swietelsky Rail Benelux","Oisterwijk","Oisterwijk",51.56610775,5.19864495905168
"NIBC","Den Haag","Den Haag",52.0799838,4.3113461
"Infosys","Amsterdam","Amsterdam",52.3730796,4.8924534
"IMC Financial Markets","Amsterdam","Amsterdam",52.3730796,4.8924534
"Essent","Den Bosch","Den Bosch",51.6889387,5.303116
"Hiltermann Lease BV","Hoofddorp","Hoofddorp",52.305554,4.6926644
"de Bijenkorf","Amsterdam","Amsterdam",52.3730796,4.8924534
"Antenna","Boskoop","Boskoop",52.0742348,4.6631166
"CJG Capelle aan den IJssel","Capelle aan den IJssel","Capelle aan den IJssel",51.9312552,4.5883596
"Devoteam","Amsterdam","Amsterdam",52.3730796,4.8924534
"VvAA","Utrecht","Utrecht",52.0907006,5.1215634
"Picnic","Amsterdam","Amsterdam",52.3730796,4.8924534
"Gom","Schiedam","Schiedam",51.91718,4.4019149
"Rabobank","Utrecht","Utrecht",52.0907006,5.1215634
"Europol","Den Haag","Den Haag",52.0799838,4.3113461
"VvAA Groep B.V.","Utrecht","Utrecht",52.0907006,5.1215634
"Rabobank","Utrecht","Utrecht",52.0907006,5.1215634
"State Street","Amsterdam","Amsterdam",52.3730796,4.8924534
"NHL Stenden","Leeuwarden","Leeuwarden",53.2005936,5.7918548
"Rabobank","Utrecht","Utrecht",52.0907006,5.1215634
"Brunel Nederland B.V.","Delft","Delft",52.0114017,4.35839
"MR MARVIS","Amsterdam","Amsterdam",52.3730796,4.8924534
"Mobilee management & advies","Utrecht","Utrecht",52.0907006,5.1215634
"Corbion","Gorinchem","Gorinchem",51.8296133,4.9738743
"Applied Medical Europe B.V.","Amersfoort","Amersfoort",52.16377025,5.40888453756801
"Mondelēz International","Breda","Breda",51.5887845,4.7760237
"TCC Global","Amsterdam","Amsterdam",52.3730796,4.8924534
"NIBC","Den Haag","Den Haag",52.0799838,4.3113461
"Ampère","Utrecht","Utrecht",52.0907006,5.1215634
"Avery Dennison","Oegstgeest","Oegstgeest",52.1833669,4.4721294029763
"Rabobank","Utrecht","Utrecht",52.0907006,5.1215634
"ReMark","Rotterdam","Rotterdam",51.9244424,4.47775
"SurePay","Utrecht","Utrecht",52.0907006,5.1215634
"LePub","Amsterdam Centrum","Amsterdam Centrum",52.3353826,4.9377128
"GXO Logistics","Eindhoven","Eindhoven",51.4392648,5.478633
"Deutsche Bank","Amsterdam","Amsterdam",52.3730796,4.8924534
"Excelerate360","Zwijndrecht","Zwijndrecht",51.82052005,4.62573151837953
"NielsenIQ","Amstelveen","Amstelveen",52.2862177,4.85264925974603
"Smartphonehoesjes.nl","Leusden","Leusden",52.130355,5.4286989
"Geo-ICT Training Center, Nederland","Nederland","Nederland",52.2434979,5.6343227
"Adesso Nederland","Nieuwegein","Nieuwegein",52.0298704,5.09293337891924
"Happy Horizon","Eindhoven","Eindhoven",51.4392648,5.478633
"PMT Groep BV","Randstad","Randstad",52.3780424,5.2260721
"Guidion","Amsterdam","Amsterdam",52.3730796,4.8924534
"Zandbergen World's Finest Meat","Zoeterwoude","Zoeterwoude",52.11718945,4.50345950207935
"Ecom Cocoa Theobroma B.V.","Amsterdam Westpoort","Amsterdam Westpoort",52.3933601,4.794733
"Intercontinental Exchange Holdings, Inc.","Amsterdam-Zuidoost","Amsterdam-Zuidoost",52.2835706,4.9524489
"SCANIA","Meppel","Meppel",52.6938237,6.197767
"Ministerie van Defensie","Utrecht","Utrecht",52.0907006,5.1215634
"Nieuwestroom","Maastricht","Maastricht",50.8512438,5.6909768
"KPN","Zoetermeer","Zoetermeer",52.0622531,4.4901218
"The Trainee Company","Nederland","Nederland",52.2434979,5.6343227
"Wikimedia Foundation","Amsterdam","Amsterdam",52.3730796,4.8924534
"Burg Azijn B.V.","Heerhugowaard","Heerhugowaard",52.6631484,4.8326672
"Broekhuis","Putten","Putten",52.24773005,5.57827393798401
"Crunch Analytics","Rotterdam","Rotterdam",51.9244424,4.47775
"1801 jeugd & onderwijsadvies","Zoetermeer","Zoetermeer",52.0622531,4.4901218
"Kraft Heinz Company","Amsterdam Centrum","Amsterdam Centrum",52.3353826,4.9377128
"Meijers Assurantiën","Amstelveen","Amstelveen",52.2862177,4.85264925974603
"Berenschot","Utrecht","Utrecht",52.0907006,5.1215634
"IDEXX","Hoofddorp","Hoofddorp",52.305554,4.6926644
"Erasmus MC","Rotterdam","Rotterdam",51.9244424,4.47775
"Scotch & Soda","Amsterdam","Amsterdam",52.3730796,4.8924534
"VeiligheidNL","Amsterdam","Amsterdam",52.3730796,4.8924534
"Rabobank","Utrecht","Utrecht",52.0907006,5.1215634
"Talpa Network","Hilversum","Hilversum",52.2241375,5.1719396
"Mepal","Lochem","Lochem",52.17151315,6.34365816043486
"The Trainee Company","Nederland","Nederland",52.2434979,5.6343227
"DPG Media","Rotterdam","Rotterdam",51.9244424,4.47775
"Alfa Accountants en Adviseurs","Wageningen","Wageningen",51.9750995,5.6636754
"CLEVER°FRANKE","Utrecht","Utrecht",52.0907006,5.1215634
"Roxit","Arnhem","Arnhem",51.984257,5.9108573
"Q8","Rotterdam","Rotterdam",51.9244424,4.47775
"FrieslandCampina","Amersfoort","Amersfoort",52.16377025,5.40888453756801
"Nederlandse Voedsel- en Warenautoriteit (NVWA)","Nederland","Nederland",52.2434979,5.6343227
"PostNL","Den Haag","Den Haag",52.0799838,4.3113461
"Stage Entertainment","Amsterdam","Amsterdam",52.3730796,4.8924534
"Roxit B.V.","Zwolle","Zwolle",52.5089759,6.0943765
"Libra Energy B.V.","Velsen-Noord","Velsen-Noord",52.4738528,4.6379311
"Jack Link's Protein Snacks","Amsterdam","Amsterdam",52.3730796,4.8924534
"Mileway","Amsterdam","Amsterdam",52.3730796,4.8924534
"Hypoport B.V.","Amsterdam","Amsterdam",52.3730796,4.8924534
"Wolters Kluwer","Hoevelaken","Hoevelaken",52.1757138,5.4577033
"HousingAnywhere","Rotterdam","Rotterdam",51.9244424,4.47775
"NIBC","Den Haag","Den Haag",52.0799838,4.3113461
"Kyndryl","Hoofddorp","Hoofddorp",52.305554,4.6926644
"Fugro","Leidschendam","Leidschendam",52.0861654,4.3946774
"NIBC","Den Haag","Den Haag",52.0799838,4.3113461
"Stage Entertainment","Amsterdam","Amsterdam",52.3730796,4.8924534
"PVH","Amsterdam","Amsterdam",52.3730796,4.8924534
"Alliander","Arnhem","Arnhem",51.984257,5.9108573
"Jarola Group","Coevorden","Coevorden",52.6612281,6.7407359
"Friday Recruitment","Nijkerk","Nijkerk",52.21485365,5.47814632396509
"Energie Data Services Nederland","Amersfoort","Amersfoort",52.16377025,5.40888453756801
"United Legwear B.V.","Amsterdam","Amsterdam",52.3730796,4.8924534
"Innova Market Insights","Arnhem","Arnhem",51.984257,5.9108573
"Highberg B.V.","Zoetermeer","Zoetermeer",52.0622531,4.4901218
"Significant Groep","Utrecht","Utrecht",52.0907006,5.1215634
"Innova Market Insights","Arnhem","Arnhem",51.984257,5.9108573
"ADD Laboral","Malden","Malden",42.4268484,-71.0683741
"AXI","Breda","Breda",51.5887845,4.7760237
"GroupM Nexus","Eindhoven","Eindhoven",51.4392648,5.478633
"Uberall","Thuiswerk","Thuiswerk",NA,NA
"De Volksbank","Utrecht","Utrecht",52.0907006,5.1215634
"Contentsquare","Amsterdam","Amsterdam",52.3730796,4.8924534
"Netvlies","Breda","Breda",51.5887845,4.7760237
"Nobian Industrial Chemicals","Amersfoort","Amersfoort",52.16377025,5.40888453756801
"ASML","Veldhoven","Veldhoven",51.40770635,5.3927310581764
"NIBC","Den Haag","Den Haag",52.0799838,4.3113461
"Bank of America","Amsterdam","Amsterdam",52.3730796,4.8924534
"Coolgradient","Amsterdam Nieuw-West","Amsterdam Nieuw-West",52.3584251,4.8061869
"Bacu","Uden","Uden",51.6590888,5.6148605
"YPublic","Delft","Delft",52.0114017,4.35839
"Energie Data Services Nederland","Amersfoort","Amersfoort",52.16377025,5.40888453756801
"Fractal Analytics","Eindhoven","Eindhoven",51.4392648,5.478633
"Travix","Amsterdam","Amsterdam",52.3730796,4.8924534
"Ring of Security B.V.","Amsterdam","Amsterdam",52.3730796,4.8924534
"Merit Medical Systems Inc.","Maastricht","Maastricht",50.8512438,5.6909768
"Sligro","Veghel","Veghel",51.6134636,5.5446455
"Xerox","Nederland","Nederland",52.2434979,5.6343227
"Coolblue","Rotterdam","Rotterdam",51.9244424,4.47775
"Solera","Nederland","Nederland",52.2434979,5.6343227
"Icon plc","Assen","Assen",52.9952273,6.560498
"Hoppinger","Rotterdam","Rotterdam",51.9244424,4.47775
"BMC Software","Amsterdam","Amsterdam",52.3730796,4.8924534
"Mattel","Amstelveen","Amstelveen",52.2862177,4.85264925974603
"Coolgradient","Amsterdam Nieuw-West","Amsterdam Nieuw-West",52.3584251,4.8061869
"Alliander","Arnhem","Arnhem",51.984257,5.9108573
"FrieslandCampina","Amersfoort","Amersfoort",52.16377025,5.40888453756801
"SAA Verzekeringen","Rotterdam","Rotterdam",51.9244424,4.47775
"Northpool","Leiden","Leiden",52.1594747,4.4908843
"Kramp GmbH","Varsseveld","Varsseveld",51.9438019,6.4636436
"Finaps","Amsterdam","Amsterdam",52.3730796,4.8924534
"CBR","Rijswijk","Rijswijk",52.0446265,4.3188215
"CZ Zorgverzekeringen","Tilburg","Tilburg",51.58561845,5.06606161313677
"Coolgradient","Amsterdam Nieuw-West","Amsterdam Nieuw-West",52.3584251,4.8061869
"ChipSoft BV","Heerenveen","Heerenveen",52.9984742,5.92314879503806
"Scherpenhuizen Bv","Eindhoven","Eindhoven",51.4392648,5.478633
"EO","Hilversum","Hilversum",52.2241375,5.1719396
"Thribe BV","Schelle","Schelle",51.1245635,4.3361875
"Convious","Amsterdam","Amsterdam",52.3730796,4.8924534
"Hans Anders Nederland","Gorinchem","Gorinchem",51.8296133,4.9738743
"Solynta","Wageningen","Wageningen",51.9750995,5.6636754
"Vakmedianet","Zeist","Zeist",52.0892832,5.2276307
"INNAX GEBOUW & OMGEVING","Veenendaal","Veenendaal",52.0259814,5.5539239
"Fractal Analytics","Eindhoven","Eindhoven",51.4392648,5.478633
"Digital Power","Amsterdam Oost","Amsterdam Oost",52.3518137,4.9305528
"Universiteit Utrecht","Utrecht","Utrecht",52.0907006,5.1215634
"Exact","Delft","Delft",52.0114017,4.35839
"beslist.nl","Arnhem","Arnhem",51.984257,5.9108573
"Europol","Den Haag","Den Haag",52.0799838,4.3113461
"Macaw","Hoofddorp","Hoofddorp",52.305554,4.6926644
"Appsbroker","Utrecht","Utrecht",52.0907006,5.1215634
"FrieslandCampina","Amersfoort","Amersfoort",52.16377025,5.40888453756801
"BaseClear","Leiden","Leiden",52.1594747,4.4908843
"iO","Den Bosch","Den Bosch",51.6889387,5.303116
"Panda","Leiden","Leiden",52.1594747,4.4908843
"Tiqets","Amsterdam","Amsterdam",52.3730796,4.8924534
"Appsbroker","Utrecht","Utrecht",52.0907006,5.1215634
"Appsbroker","Utrecht","Utrecht",52.0907006,5.1215634
"Coolblue","Rotterdam","Rotterdam",51.9244424,4.47775
"Naktuinbouw","Roelofarendsveen","Roelofarendsveen",52.2027173,4.6312402
"De Volksbank","Utrecht","Utrecht",52.0907006,5.1215634
"Goossens","Veghel","Veghel",51.6134636,5.5446455
"The Sharing Group","Rotterdam","Rotterdam",51.9244424,4.47775
"Allianz BeNeLux","Rotterdam","Rotterdam",51.9244424,4.47775
"Kwantum","Tilburg","Tilburg",51.58561845,5.06606161313677
"Visser & Smit Hanab P&I","Papendrecht","Papendrecht",51.834667,4.70468825567437
"Gemeente Den Haag","Den Haag","Den Haag",52.0799838,4.3113461
"DotControl","Nederland","Nederland",52.2434979,5.6343227
"FrieslandCampina","Amersfoort","Amersfoort",52.16377025,5.40888453756801
"Signify","Eindhoven","Eindhoven",51.4392648,5.478633
"JEX","Rotterdam","Rotterdam",51.9244424,4.47775
"Essent","Den Bosch","Den Bosch",51.6889387,5.303116
"Kwantum","Raamsdonksveer","Raamsdonksveer",51.6961345,4.8745894
"Merit Medical Systems Inc.","Maastricht","Maastricht",50.8512438,5.6909768
"Travix","Amsterdam","Amsterdam",52.3730796,4.8924534
"Visser & Smit Hanab","Papendrecht","Papendrecht",51.834667,4.70468825567437
"Kwantum","Raamsdonksveer","Raamsdonksveer",51.6961345,4.8745894
"Recruit2, Talent Acquisition Specialists","Eindhoven","Eindhoven",51.4392648,5.478633
"Provincie Overijssel","Zwolle","Zwolle",52.5089759,6.0943765
"Vio.com","Amsterdam","Amsterdam",52.3730796,4.8924534
"AllChiefs","Rotterdam","Rotterdam",51.9244424,4.47775
"Shimano","Eindhoven","Eindhoven",51.4392648,5.478633
"New10 B.V.","Amsterdam","Amsterdam",52.3730796,4.8924534
"Homefashion Group","Tilburg","Tilburg",51.58561845,5.06606161313677
"Landal","Amsterdam","Amsterdam",52.3730796,4.8924534
"Roompot","Amsterdam","Amsterdam",52.3730796,4.8924534
"STX Group","Amsterdam","Amsterdam",52.3730796,4.8924534
"Recruit2, Talent Acquisition Specialists","Eindhoven","Eindhoven",51.4392648,5.478633
"Picnic","Amsterdam","Amsterdam",52.3730796,4.8924534
"Caesar Groep","Utrecht","Utrecht",52.0907006,5.1215634
"Athora Netherlands","Amsterdam","Amsterdam",52.3730796,4.8924534
"Bosch Group","Eindhoven","Eindhoven",51.4392648,5.478633
"Landal","Amsterdam","Amsterdam",52.3730796,4.8924534
"Leen Bakker","Raamsdonksveer","Raamsdonksveer",51.6961345,4.8745894
"Bitvavo","Amsterdam","Amsterdam",52.3730796,4.8924534
"Via","Nederland","Nederland",52.2434979,5.6343227
"Heeyoo","Veenendaal","Veenendaal",52.0259814,5.5539239
"Leen Bakker","Raamsdonksveer","Raamsdonksveer",51.6961345,4.8745894
"Homefashion Group","Raamsdonksveer","Raamsdonksveer",51.6961345,4.8745894
"JEX","Rotterdam","Rotterdam",51.9244424,4.47775
"Clink Diensten","Rotterdam","Rotterdam",51.9244424,4.47775
"UNO Automatiseringdiensten B.V.","Rijswijk","Rijswijk",52.0446265,4.3188215
"Roompot","Amsterdam","Amsterdam",52.3730796,4.8924534
"Lidl","Huizen","Huizen",52.29648445,5.24058204069026
"MSD","Haarlem","Haarlem",52.3885317,4.6388048
"Homefashion Group","Raamsdonksveer","Raamsdonksveer",51.6961345,4.8745894
"GLO Integration","Amsterdam Zuid","Amsterdam Zuid",52.3390172,4.8734324
"Grandvision Support Office","Soesterberg","Soesterberg",52.1208994,5.2836057
"Zorgboodschap","Sassenheim","Sassenheim",52.2246356,4.5199218
"Recharge","Amsterdam","Amsterdam",52.3730796,4.8924534
"Leen Bakker","Tilburg","Tilburg",51.58561845,5.06606161313677
"Revalize","Thuiswerk","Thuiswerk",NA,NA
"HEMA","Amsterdam Noord","Amsterdam Noord",52.4097558,4.9319456
"B&S","Dordrecht","Dordrecht",51.814429,4.6692438
"VodafoneZiggo","Utrecht","Utrecht",52.0907006,5.1215634
"BeFrank","Amsterdam","Amsterdam",52.3730796,4.8924534
"APG","Amsterdam","Amsterdam",52.3730796,4.8924534
"Goudwisselkantoor","Klaaswaal","Klaaswaal",51.7683666,4.4444538
"ENGIE ENERGIE NEDERLAND N.V.","Zwolle","Zwolle",52.5089759,6.0943765
"Eneco","Rotterdam","Rotterdam",51.9244424,4.47775
"Infor","Barneveld","Barneveld",52.17150665,5.64543924995403
"Lely","Maassluis","Maassluis",51.9266671,4.24400065715733
"Allianz Direct","Rotterdam","Rotterdam",51.9244424,4.47775
"Stedin","Rotterdam","Rotterdam",51.9244424,4.47775
"Universiteit Leiden","Leiden","Leiden",52.1594747,4.4908843
"Mattel","Amstelveen","Amstelveen",52.2862177,4.85264925974603
"Garmin","Oegstgeest","Oegstgeest",52.1833669,4.4721294029763
"Kuehne+Nagel","Tiel","Tiel",51.8874333,5.4372681
"MSD","Haarlem","Haarlem",52.3885317,4.6388048
"B&S","Farmsum","Farmsum",53.3226566,6.9286233
"Via","Amsterdam","Amsterdam",52.3730796,4.8924534
"De Heus Voeders","Ede","Ede",52.07168255,5.74551063103494
"GKN Aerospace","Papendrecht","Papendrecht",51.834667,4.70468825567437
"Plato Group","Helmond","Helmond",51.4736023,5.66703211598798
"Sligro","Veghel","Veghel",51.6134636,5.5446455
"CLdN RoRo Agencies B.V.","Rotterdam","Rotterdam",51.9244424,4.47775
"Playtika Ltd","Amsterdam","Amsterdam",52.3730796,4.8924534
"BridgeFund","Amsterdam","Amsterdam",52.3730796,4.8924534
"Garmin","Oegstgeest","Oegstgeest",52.1833669,4.4721294029763
"Quistor","Nederland","Nederland",52.2434979,5.6343227
"ID Logistics","Tilburg","Tilburg",51.58561845,5.06606161313677
"SodaStream","Thuiswerk","Thuiswerk",NA,NA
"DXC Technology","Amsterdam","Amsterdam",52.3730796,4.8924534
"GoodHabitz","Eindhoven","Eindhoven",51.4392648,5.478633
"Markteffect","Eindhoven","Eindhoven",51.4392648,5.478633
"Effectory","Amsterdam Centrum","Amsterdam Centrum",52.3353826,4.9377128
"CBRE","Den Haag","Den Haag",52.0799838,4.3113461
"Mollie","Amsterdam","Amsterdam",52.3730796,4.8924534
"Kraft Heinz Company","Utrecht","Utrecht",52.0907006,5.1215634
"Avery Dennison","Oegstgeest","Oegstgeest",52.1833669,4.4721294029763
"Scildon","Hilversum","Hilversum",52.2241375,5.1719396
"TU Eindhoven","Eindhoven","Eindhoven",51.4392648,5.478633
"Walker & Dunlop","Thuiswerk","Thuiswerk",NA,NA
"Ordina","Groningen","Groningen",53.2190652,6.5680077
"Justitiële Informatiedienst","Almelo","Almelo",52.3563585,6.6636219
"EyeOn","Nederland","Nederland",52.2434979,5.6343227
"FrieslandCampina","Amersfoort","Amersfoort",52.16377025,5.40888453756801
"Kraft Heinz Company","Amsterdam Centrum","Amsterdam Centrum",52.3353826,4.9377128
"Stichting BKR","Tiel","Tiel",51.8874333,5.4372681
"ABN AMRO","Amersfoort","Amersfoort",52.16377025,5.40888453756801
"NS","Utrecht","Utrecht",52.0907006,5.1215634
"Matrixian Group","Amsterdam","Amsterdam",52.3730796,4.8924534
"Fluke","Eindhoven","Eindhoven",51.4392648,5.478633
"ABN AMRO","Amsterdam","Amsterdam",52.3730796,4.8924534
"Pon Equipment B.V.","Almere","Almere",52.3705038,5.2185859
"Stora Enso","De Lier","De Lier",51.9751843,4.2471322
"ASML","Eindhoven","Eindhoven",51.4392648,5.478633
"Data Analytics","Rotterdam","Rotterdam",51.9244424,4.47775
"Moore DRV","Bergen op Zoom","Bergen op Zoom",51.4944756,4.2871541
"Adroit People Ltd.","Amsterdam","Amsterdam",52.3730796,4.8924534
"Infinitas Learning","Utrecht","Utrecht",52.0907006,5.1215634
"Vertom B.V.","Rhoon","Rhoon",51.8569948,4.4236815
"YoungOnes","Breda","Breda",51.5887845,4.7760237
"de Rechtspraak","Utrecht","Utrecht",52.0907006,5.1215634
"Trivium Packaging","Schiphol","Schiphol",52.3080392,4.7621975
"Reinaerde","Utrecht","Utrecht",52.0907006,5.1215634
"Dexter Energy","Amsterdam","Amsterdam",52.3730796,4.8924534
"LOGEX Group B.V.","Amsterdam","Amsterdam",52.3730796,4.8924534
"valantic NL","Rotterdam","Rotterdam",51.9244424,4.47775
"Ventura Systems","Bolsward","Bolsward",53.0620178,5.5228964
"adesso Netherlands","Nieuwegein","Nieuwegein",52.0298704,5.09293337891924
"beslist.nl","Arnhem","Arnhem",51.984257,5.9108573
"Shimano","Eindhoven","Eindhoven",51.4392648,5.478633
"TP Vision","Amsterdam","Amsterdam",52.3730796,4.8924534
"TYPE2SOLUTIONS","Ridderkerk","Ridderkerk",51.8714812,4.5999778
"Albert Heijn","Zaandam","Zaandam",52.4424926,4.8298607
"Adyen","Amsterdam","Amsterdam",52.3730796,4.8924534
"Omoda","Amsterdam","Amsterdam",52.3730796,4.8924534
"CBRE","Amsterdam","Amsterdam",52.3730796,4.8924534
"Het Consultancyhuis","Utrecht","Utrecht",52.0907006,5.1215634
"Coolblue","Rotterdam","Rotterdam",51.9244424,4.47775
"Beckman Coulter Diagnostics","Wijchen","Wijchen",51.82025285,5.69609034857165
"Genmab","Utrecht","Utrecht",52.0907006,5.1215634
"EcoTools","Wijk bij Duurstede","Wijk bij Duurstede",51.9751858,5.337435
"Accenture","Amsterdam","Amsterdam",52.3730796,4.8924534
"Zig Websoftware","Huizen","Huizen",52.29648445,5.24058204069026
"A-INSIGHTS","Amsterdam","Amsterdam",52.3730796,4.8924534
"AXI","Breda","Breda",51.5887845,4.7760237
"Batavia Biosciences B.V.","Leiden","Leiden",52.1594747,4.4908843
"Fluke","Utrecht (provincie)","Utrecht (provincie)",52.2790511,5.278355
"ReMark","Rotterdam","Rotterdam",51.9244424,4.47775
"Morningstar","Amsterdam","Amsterdam",52.3730796,4.8924534
"Ouster","Amsterdam","Amsterdam",52.3730796,4.8924534
"Ardena","Assen","Assen",52.9952273,6.560498
"KVK","Utrecht","Utrecht",52.0907006,5.1215634
"Oxbo","Roosendaal","Roosendaal",51.5331484,4.4561276
"Lemongrass Consulting","Nederland","Nederland",52.2434979,5.6343227
"E-luscious","Hilversum","Hilversum",52.2241375,5.1719396
"Action","Lelystad","Lelystad",52.5150949,5.4768915
"FAAC Technologies","Utrecht","Utrecht",52.0907006,5.1215634
"Scildon","Hilversum","Hilversum",52.2241375,5.1719396
"Forvis Mazars","Rotterdam","Rotterdam",51.9244424,4.47775
"Hunkemöller","Hilversum","Hilversum",52.2241375,5.1719396
"Yellowtail Group","Naarden","Naarden",52.2957628,5.1633636
"Stella Fietsen","Nunspeet","Nunspeet",52.3372909,5.79563642900503
"Topigs Norsvin","Den Bosch","Den Bosch",51.6889387,5.303116
"Informa Global Support","Amsterdam Zuid","Amsterdam Zuid",52.3390172,4.8734324
"Mattel","Amstelveen","Amstelveen",52.2862177,4.85264925974603
"Cushman & Wakefield","Amsterdam","Amsterdam",52.3730796,4.8924534
"Coolblue","Rotterdam","Rotterdam",51.9244424,4.47775
"Lely","Maassluis","Maassluis",51.9266671,4.24400065715733
"Coolblue","Rotterdam","Rotterdam",51.9244424,4.47775
"ZT Systems","Almelo","Almelo",52.3563585,6.6636219
"Rivas Zorggroep","Gorinchem","Gorinchem",51.8296133,4.9738743
"Alliander","Arnhem","Arnhem",51.984257,5.9108573
"Keyrock","Amsterdam","Amsterdam",52.3730796,4.8924534
"Atos","Amstelveen","Amstelveen",52.2862177,4.85264925974603
"BridgeFund","Amsterdam","Amsterdam",52.3730796,4.8924534
"McDonalds","Utrecht","Utrecht",52.0907006,5.1215634
"Viatris","Amstelveen","Amstelveen",52.2862177,4.85264925974603
"VodafoneZiggo","Amsterdam","Amsterdam",52.3730796,4.8924534
"Vio.com","Amsterdam","Amsterdam",52.3730796,4.8924534
"Achmea","Apeldoorn","Apeldoorn",52.17957375,5.93007746080725
"Mediahuis","Amsterdam","Amsterdam",52.3730796,4.8924534
"Macaw","Thuiswerk","Thuiswerk",NA,NA
"100% NL","Bussum","Bussum",52.2773656,5.1630646
"Coolblue","Rotterdam","Rotterdam",51.9244424,4.47775
"PostNL","Den Haag","Den Haag",52.0799838,4.3113461
"Thales","Hengelo OV","Hengelo OV",52.2658726,6.7924049
"Harman International","Amsterdam","Amsterdam",52.3730796,4.8924534
"bunq","Amsterdam","Amsterdam",52.3730796,4.8924534
"Provincie Flevoland","Flevoland","Flevoland",52.4484375,5.4235397
"NEH","Leusden","Leusden",52.130355,5.4286989
"Translink","Amersfoort","Amersfoort",52.16377025,5.40888453756801
"Samskip","Rotterdam","Rotterdam",51.9244424,4.47775
"IT Solutions Worldwide","Nederland","Nederland",52.2434979,5.6343227
"Macaw","Thuiswerk","Thuiswerk",NA,NA
"DORC International","Zuidland","Zuidland",51.8220839,4.2577294
"Accenture","Amsterdam","Amsterdam",52.3730796,4.8924534
"Bertus","Capelle aan den IJssel","Capelle aan den IJssel",51.9312552,4.5883596
"YAYA","Halfweg","Halfweg",53.2917087,6.2442631
"Hunt & Hackett","Den Haag","Den Haag",52.0799838,4.3113461
"Foot Locker","Utrecht","Utrecht",52.0907006,5.1215634
"Delta Capita","Amsterdam-Zuidoost","Amsterdam-Zuidoost",52.2835706,4.9524489
"Lab Digital","Utrecht","Utrecht",52.0907006,5.1215634
"Ewals Cargo Care","Tegelen","Tegelen",51.3429314,6.1362198
"TenneT","Arnhem","Arnhem",51.984257,5.9108573
"Ministerie van Defensie","Utrecht","Utrecht",52.0907006,5.1215634
"NCC Group","Delft","Delft",52.0114017,4.35839
"Coolgradient","Amsterdam","Amsterdam",52.3730796,4.8924534
"Eaton","Hengelo OV","Hengelo OV",52.2658726,6.7924049
"MyParcel","Hoofddorp","Hoofddorp",52.305554,4.6926644
"Centraal Bureau voor de Statistiek","Heerlen","Heerlen",50.8775239,5.98150658545488
"HousingAnywhere","Rotterdam","Rotterdam",51.9244424,4.47775
"World Fuel Services","Amersfoort","Amersfoort",52.16377025,5.40888453756801
"AWI Software","Hoofddorp","Hoofddorp",52.305554,4.6926644
"The Data Agency","Nieuwegein","Nieuwegein",52.0298704,5.09293337891924
"ICT Group","Nieuwegein","Nieuwegein",52.0298704,5.09293337891924
"Biyond BV","Amersfoort","Amersfoort",52.16377025,5.40888453756801
"Accell Group","Apeldoorn","Apeldoorn",52.17957375,5.93007746080725
"OneXillium","Woerden","Woerden",52.08701595,4.8766871986735
"IT Solutions Worldwide","Nederland","Nederland",52.2434979,5.6343227
"Accenture","Amsterdam","Amsterdam",52.3730796,4.8924534
"fizor.","Utrecht","Utrecht",52.0907006,5.1215634
"Mileway","Amsterdam","Amsterdam",52.3730796,4.8924534
"Equinix","Amsterdam Oost","Amsterdam Oost",52.3518137,4.9305528
"Redcare Pharmacy","Sevenum","Sevenum",51.4123504,6.0370021
"FTE Groep B.V.","Utrecht","Utrecht",52.0907006,5.1215634
"Renewi","Nederland","Nederland",52.2434979,5.6343227
"Rabobank","Eindhoven","Eindhoven",51.4392648,5.478633
"Capturum Software Group","Veenendaal","Veenendaal",52.0259814,5.5539239
"Qquest","Utrecht","Utrecht",52.0907006,5.1215634
"Avery Dennison","Leiden","Leiden",52.1594747,4.4908843
"Recharge","Amsterdam","Amsterdam",52.3730796,4.8924534
"Coolblue","Rotterdam","Rotterdam",51.9244424,4.47775
"Allianz Direct","Rotterdam","Rotterdam",51.9244424,4.47775
"Intramed","Waddinxveen","Waddinxveen",52.0441134,4.6552471
"Adyen","Amsterdam","Amsterdam",52.3730796,4.8924534
"Accenture","Amsterdam","Amsterdam",52.3730796,4.8924534
"De Volksbank","Utrecht","Utrecht",52.0907006,5.1215634
"Aegon Asset Management","Den Haag","Den Haag",52.0799838,4.3113461
"Indorama","Rotterdam","Rotterdam",51.9244424,4.47775
"Hoogheemraadschap van Rijnland","Leiden","Leiden",52.1594747,4.4908843
"Careers in Motion","Geleen","Geleen",50.9673322,5.8277007
"Capturum Software Group","Veenendaal","Veenendaal",52.0259814,5.5539239
"IntoData","Amsterdam","Amsterdam",52.3730796,4.8924534
"Coolblue","Rotterdam","Rotterdam",51.9244424,4.47775
"De Volksbank","Utrecht","Utrecht",52.0907006,5.1215634
"FareHarbor","Amsterdam","Amsterdam",52.3730796,4.8924534
"Rabobank","Utrecht","Utrecht",52.0907006,5.1215634
"Tencent","Amsterdam","Amsterdam",52.3730796,4.8924534
"Capgemini","Utrecht","Utrecht",52.0907006,5.1215634
"Capgemini","Utrecht","Utrecht",52.0907006,5.1215634
"Hiscox","Amsterdam","Amsterdam",52.3730796,4.8924534
"Wolters Kluwer","Hoevelaken","Hoevelaken",52.1757138,5.4577033
"Capgemini","Utrecht","Utrecht",52.0907006,5.1215634
"NS","Utrecht","Utrecht",52.0907006,5.1215634
"Capgemini","Utrecht","Utrecht",52.0907006,5.1215634
"Capgemini","Utrecht","Utrecht",52.0907006,5.1215634
"Stater","Amersfoort","Amersfoort",52.16377025,5.40888453756801
"Centraal Justitieel Incassobureau","Leeuwarden","Leeuwarden",53.2005936,5.7918548
"Mediq Apotheken","Utrecht","Utrecht",52.0907006,5.1215634
"Adyen","Amsterdam","Amsterdam",52.3730796,4.8924534
"Centraal Justitieel Incassobureau","Leeuwarden","Leeuwarden",53.2005936,5.7918548
"VML","Amsterdam","Amsterdam",52.3730796,4.8924534
"Nederlandse orde van advocaten","Den Haag","Den Haag",52.0799838,4.3113461
"Adyen","Amsterdam","Amsterdam",52.3730796,4.8924534
"Capgemini","Utrecht","Utrecht",52.0907006,5.1215634
"TVM Verzekeringen","Hoogeveen","Hoogeveen",52.7264258,6.49308148854467
"SAA Verzekeringen","Rotterdam","Rotterdam",51.9244424,4.47775
"Delta-N B.V.","Den Haag","Den Haag",52.0799838,4.3113461
"AWI Software","Veenendaal","Veenendaal",52.0259814,5.5539239
"Delta-N B.V.","Den Haag","Den Haag",52.0799838,4.3113461
"Digital Realty","Amsterdam","Amsterdam",52.3730796,4.8924534
"Henkel","Amsterdam","Amsterdam",52.3730796,4.8924534
"Vio.com","Amsterdam","Amsterdam",52.3730796,4.8924534
"Vion Foodgroup","Boxtel","Boxtel",51.5890603,5.31579544540688
"Uber","Amsterdam","Amsterdam",52.3730796,4.8924534
"Umbrio","Maarssen","Maarssen",52.1384846,5.040082
"STX Group","Amsterdam","Amsterdam",52.3730796,4.8924534
"LOGEX Group B.V.","Amsterdam","Amsterdam",52.3730796,4.8924534
"JACOBS DOUWE EGBERTS","Utrecht","Utrecht",52.0907006,5.1215634
"MBE - Netherlands","Amsterdam","Amsterdam",52.3730796,4.8924534
"Creative Fabrica","Amsterdam","Amsterdam",52.3730796,4.8924534
"iO","Den Bosch","Den Bosch",51.6889387,5.303116
"West Coast Supply Group","Leiden","Leiden",52.1594747,4.4908843
"De Volksbank","Utrecht","Utrecht",52.0907006,5.1215634
"Quooker","Ridderkerk","Ridderkerk",51.8714812,4.5999778
"JLG EMEA B.V.","Hoofddorp","Hoofddorp",52.305554,4.6926644
"Kramp GmbH","Varsseveld","Varsseveld",51.9438019,6.4636436
"Stater","Amersfoort","Amersfoort",52.16377025,5.40888453756801
"AMI Kappers","Deventer","Deventer",52.2694897,6.23648855066233
"Van Mossel Automotive Groep","Amsterdam-Zuidoost","Amsterdam-Zuidoost",52.2835706,4.9524489
"Validators B.V.","Amsterdam Noord","Amsterdam Noord",52.4097558,4.9319456
"WeareBLOX","Nijmegen","Nijmegen",51.8474946,5.8637771
"RedVenture","Leiden","Leiden",52.1594747,4.4908843
"Rojo Integrations","Breukelen","Breukelen",52.171959,5.002675
"Adroit People Ltd.","Amsterdam","Amsterdam",52.3730796,4.8924534
"CLEVER°FRANKE","Utrecht","Utrecht",52.0907006,5.1215634
"The Rent Company","Den Bosch","Den Bosch",51.6889387,5.303116
"Fabory","Tilburg","Tilburg",51.58561845,5.06606161313677
"Delta-N","Den Haag","Den Haag",52.0799838,4.3113461
"Koninklijke Gazelle","Dieren","Dieren",52.0526703,6.1014431
"SourceMonks","Dordrecht","Dordrecht",51.814429,4.6692438
"Northpool","Leiden","Leiden",52.1594747,4.4908843
"ABN AMRO","Amsterdam","Amsterdam",52.3730796,4.8924534
"TreviPay","Rijswijk","Rijswijk",52.0446265,4.3188215
"N.V. Juva","Poeldijk","Poeldijk",52.0225167,4.218242
"Breinstein Detachering","Venlo","Venlo",51.3702109,6.1688954
"ABN AMRO","Amsterdam","Amsterdam",52.3730796,4.8924534
"SGS","Spijkenisse","Spijkenisse",51.8464881,4.3287681
"Breinstein Detachering","Groningen","Groningen",53.2190652,6.5680077
"Amac","Utrecht","Utrecht",52.0907006,5.1215634
"Sogeti","Utrecht","Utrecht",52.0907006,5.1215634
"Experis","Amsterdam","Amsterdam",52.3730796,4.8924534
"MLC","Leusden","Leusden",52.130355,5.4286989
"Artefact","Utrecht","Utrecht",52.0907006,5.1215634
"Mars","Veghel","Veghel",51.6134636,5.5446455
"BrightStone Group","Randstad","Randstad",52.3780424,5.2260721
"Shared","Rotterdam","Rotterdam",51.9244424,4.47775
"Unica","Hoevelaken","Hoevelaken",52.1757138,5.4577033
"Erasmus MC","Rotterdam","Rotterdam",51.9244424,4.47775
"Aegon Asset Management","Den Haag","Den Haag",52.0799838,4.3113461
"Duvel Moortgat Nederland","Amsterdam","Amsterdam",52.3730796,4.8924534
"Sligro","Veghel","Veghel",51.6134636,5.5446455
"Good Company","Den Haag","Den Haag",52.0799838,4.3113461
"People X","Arnhem","Arnhem",51.984257,5.9108573
"LOGEX Group B.V.","Amsterdam","Amsterdam",52.3730796,4.8924534
"People X","Nijmegen","Nijmegen",51.8474946,5.8637771
"Van Dam Datapartners","Utrecht","Utrecht",52.0907006,5.1215634
"Robeco","Rotterdam","Rotterdam",51.9244424,4.47775
"Gradyent","Rotterdam","Rotterdam",51.9244424,4.47775
"GBS Gearbox Services international","Oud-Beijerland","Oud-Beijerland",51.8214436,4.4164728
"The Yuki Company","Rotterdam","Rotterdam",51.9244424,4.47775
"Van Dam Datapartners","Utrecht","Utrecht",52.0907006,5.1215634
"Mondelēz International","Breda","Breda",51.5887845,4.7760237
"People X","Nijmegen","Nijmegen",51.8474946,5.8637771
"LOGEX Group B.V.","Amsterdam","Amsterdam",52.3730796,4.8924534
"paraDIGMA Groep","Nieuwegein","Nieuwegein",52.0298704,5.09293337891924
"Infotopics","Oldenzaal","Oldenzaal",52.3116616,6.9241615
"Artefact","Utrecht","Utrecht",52.0907006,5.1215634
"Stork","Utrecht","Utrecht",52.0907006,5.1215634
"Talk360","Amsterdam","Amsterdam",52.3730796,4.8924534
"Goede Doelen Loterijen","Amsterdam","Amsterdam",52.3730796,4.8924534
"Visser & Visser","Barneveld","Barneveld",52.17150665,5.64543924995403
"NS","Utrecht","Utrecht",52.0907006,5.1215634
"Delta-N","Den Haag","Den Haag",52.0799838,4.3113461
"Radancy","Amsterdam","Amsterdam",52.3730796,4.8924534
"Picnic","Amsterdam","Amsterdam",52.3730796,4.8924534
"Yusen Logistics (UK)","Amsterdam","Amsterdam",52.3730796,4.8924534
"Aegon Asset Management","Den Haag","Den Haag",52.0799838,4.3113461
"Eraneos","Amsterdam-Zuidoost","Amsterdam-Zuidoost",52.2835706,4.9524489
"Adyen","Amsterdam","Amsterdam",52.3730796,4.8924534
"Vaartland.nl","Bergambacht","Bergambacht",51.9314474,4.7827247
"Walker & Dunlop","Thuiswerk","Thuiswerk",NA,NA
"Atos","Amstelveen","Amstelveen",52.2862177,4.85264925974603
"C-Support","Den Bosch","Den Bosch",51.6889387,5.303116
"Cmotions","Bunnik","Bunnik",52.03915185,5.22031979924958
"AgroVision","Deventer","Deventer",52.2694897,6.23648855066233
"Euronext","Rotterdam","Rotterdam",51.9244424,4.47775
"Picnic","Amsterdam","Amsterdam",52.3730796,4.8924534
"Vrieling","Hardenberg","Hardenberg",52.56982145,6.63316691331398
"Walibi Holland","Biddinghuizen","Biddinghuizen",52.4552216,5.6921598
"Rabobank","Utrecht","Utrecht",52.0907006,5.1215634
"Rabobank","Utrecht","Utrecht",52.0907006,5.1215634
"Sparkle","Noord-Holland","Noord-Holland",52.7212825,4.820665
"DXC Technology","Nederland","Nederland",52.2434979,5.6343227
"Tiro Partners","Utrecht","Utrecht",52.0907006,5.1215634
"CLdN Cargo","Nederland","Nederland",52.2434979,5.6343227
"Omniboost","Terneuzen","Terneuzen",51.29884295,3.84220439560307
"Rabobank","Utrecht","Utrecht",52.0907006,5.1215634
"Tiro Partners","Amsterdam","Amsterdam",52.3730796,4.8924534
"Belastingdienst","Apeldoorn","Apeldoorn",52.17957375,5.93007746080725
"Aviko","Steenderen","Steenderen",52.063858,6.1875742
"Atos","Amstelveen","Amstelveen",52.2862177,4.85264925974603
"Ordina","Groningen","Groningen",53.2190652,6.5680077
"Tiro Partners","Amsterdam","Amsterdam",52.3730796,4.8924534
"Kramp GmbH","Utrecht","Utrecht",52.0907006,5.1215634
"Stater","Amersfoort","Amersfoort",52.16377025,5.40888453756801
"Veneficus B.V.","Rotterdam","Rotterdam",51.9244424,4.47775
"STX Group","Amsterdam","Amsterdam",52.3730796,4.8924534
"Veneficus B.V.","Rotterdam","Rotterdam",51.9244424,4.47775
"Action","Zwaagdijk-Oost","Zwaagdijk-Oost",52.7047349,5.1336218
"Joulz","Delft","Delft",52.0114017,4.35839
"Source Up","Amsterdam","Amsterdam",52.3730796,4.8924534
"Limbeek personeelsdiensten","Doetinchem","Doetinchem",51.9585348,6.28145512624139
"Deltics","Hengelo OV","Hengelo OV",52.2658726,6.7924049
"Veneficus B.V.","Rotterdam","Rotterdam",51.9244424,4.47775
"Atos","Amstelveen","Amstelveen",52.2862177,4.85264925974603
"Stitchd","Amsterdam","Amsterdam",52.3730796,4.8924534
"Archer Daniels Midland Company","Amsterdam","Amsterdam",52.3730796,4.8924534
"Colosseus","De Meern","De Meern",52.0811781,5.0363571
"fizor.","Utrecht","Utrecht",52.0907006,5.1215634
"NIBC","Den Haag","Den Haag",52.0799838,4.3113461
"Stitchd","Eindhoven","Eindhoven",51.4392648,5.478633
"TopMondzorg","Hilversum","Hilversum",52.2241375,5.1719396
"Aegon Asset Management","Den Haag","Den Haag",52.0799838,4.3113461
"Q-Support","Den Bosch","Den Bosch",51.6889387,5.303116
"USP Marketing Consultancy BV","Rotterdam","Rotterdam",51.9244424,4.47775
"Fugro","Leidschendam","Leidschendam",52.0861654,4.3946774
"New10 B.V.","Amsterdam","Amsterdam",52.3730796,4.8924534
